family,stage,level,variant,cue,resource,intervention,baseline,post,effect,max_plastic_change,wall_seconds,peak_rss_bytes
generic,1,0,primary,A,0.2,freeze,0.07078002072329878,0.07078002072329878,0.0,0.0,3.695897999998124,560742400
generic,1,0,primary,A,0.2,intact,0.07078002072329878,0.031242881346135586,0.49945214708266905,0.8410209048044506,4.3608136659968295,560742400
generic,1,0,primary,A,0.2,matched_dan,0.07078002072329878,0.031242881346135586,0.49945214708266905,0.8410209048044506,4.37144754199835,560742400
generic,1,0,primary,A,0.2,silence_dan,0.07078002072329878,0.07078002072329878,0.0,0.0,4.361867042003723,560742400
generic,1,0,primary,B,0.2,intact,0.112911179723297,0.05922886523949428,0.3767300944633032,0.841002750660438,4.377638417005073,560742400
generic,1,1,primary,A,0.2,freeze,0.07078036099557199,0.07078036099557199,0.0,0.0,13.557737082999665,644399104
generic,1,1,primary,A,0.2,intact,0.07078036099557199,0.031243240338921084,0.49944962074940336,0.8410209125477496,13.95781175000593,644399104
generic,1,1,primary,A,0.2,matched_dan,0.07078036099557199,0.031243240338921084,0.49944962074940336,0.8410209125477496,13.394290707998152,644399104
generic,1,1,primary,A,0.2,silence_dan,0.07078036099557199,0.07078036099557199,0.0,0.0,14.002518291999877,644399104
generic,1,1,primary,B,0.2,intact,0.11291160939401676,0.059229487405870626,0.37672730006510835,0.841002759486321,14.160317416004546,644399104
generic,1,2,context_cut,A,0.2,intact,0.07078002072329878,0.031242881346135586,0.49945214708266905,0.8410209048044506,51.32587491700542,642744320
generic,1,2,context_double,A,0.2,intact,0.07078073544272825,0.03124420683990825,0.4994393665004332,0.8410209360085878,56.80336733299919,642744320
generic,1,2,context_half,A,0.2,intact,0.07078006169182637,0.031242962506694408,0.49945135114135564,0.8410209066798353,53.28407520800101,642744320
generic,1,2,full_normalization,A,0.2,intact,0.0107096719833283,0.008756242607246494,0.16963973924030273,0.4524461730582825,31.271525916003156,642744320
generic,1,2,glutamate_inhibitory,A,0.2,intact,0.07077541495827883,0.03123890863879992,0.49947781857403517,0.8410208251011948,53.98542558300687,642744320
generic,1,2,primary,A,0.2,freeze,0.07078018945269049,0.07078018945269049,0.0,0.0,27.40567979199841,642744320
generic,1,2,primary,A,0.2,intact,0.07078018945269049,0.031243208206229688,0.49944895975358694,0.8410209124056197,27.880014457994548,642744320
generic,1,2,primary,A,0.2,matched_dan,0.07078018945269049,0.031243208206229688,0.49944895975358694,0.8410209124056197,28.046683000000485,642744320
generic,1,2,primary,A,0.2,silence_dan,0.07078018945269049,0.07078018945269049,0.0,0.0,27.978321250004228,642744320
generic,1,2,primary,B,0.2,intact,0.11291188392409574,0.05922962147918742,0.37672698866320564,0.8410027600637706,27.967064999997092,642744320
generic,1,3,primary,A,0.2,freeze,0.07078014908313164,0.07078014908313164,0.0,0.0,228.06879666599707,840220672
generic,1,3,primary,A,0.2,intact,0.07078014908313164,0.031243211628145723,0.4994486469004049,0.8410209131454746,242.045352000001,840220672
generic,1,3,primary,A,0.2,matched_dan,0.07078014908313164,0.031243211628145723,0.4994486469004049,0.8410209131454746,218.84679583399702,840220672
generic,1,3,primary,A,0.2,silence_dan,0.07078014908313164,0.07078014908313164,0.0,0.0,235.53277499999967,840220672
generic,1,3,primary,B,0.2,intact,0.11291188548305206,0.05922962299959291,0.37672689888852184,0.8410027607099484,234.22592399999849,840220672
generic,2,0,primary,A,0.2,freeze,0.0038535985441769316,0.0038535985441769316,0.0,0.0,0.7097516669964534,518979584
generic,2,0,primary,A,0.2,intact,0.003853595637778955,0.003853531641101144,1.6534739141538246e-05,3.380143859665896e-05,0.8663598330022069,518979584
generic,2,0,primary,A,0.2,matched_control,0.0038535416998667542,0.0038534779680727193,1.646656561138382e-05,3.365065367655351e-05,0.8801963750011055,518979584
generic,2,0,primary,A,0.2,silence_dan,0.0038535985441769316,0.0038535985441769316,0.0,0.0,0.8729821250017267,518979584
generic,2,0,primary,B,0.2,intact,0.009000138378628645,0.008999929187645174,2.2991645827863394e-05,7.967055891677788e-05,0.9378742080007214,518979584
generic,2,1,primary,A,0.2,freeze,0.003850972745155268,0.003850972745155268,0.0,0.0,5.452216624995344,632389632
generic,2,1,primary,A,0.2,intact,0.0038509698529272285,0.0038509061774698312,1.6462963154717514e-05,3.365365649643515e-05,5.641649791999953,632389632
generic,2,1,primary,A,0.2,matched_control,0.0038509169740327024,0.0038508535662277383,1.6394021805199444e-05,3.350129547985414e-05,5.60153341700061,632389632
generic,2,1,primary,A,0.2,silence_dan,0.003850972745155268,0.003850972745155268,0.0,0.0,5.6165801669994835,632389632
generic,2,1,primary,B,0.2,intact,0.008998805584348813,0.008998597030880282,2.292484653121374e-05,7.942501619540021e-05,5.626055332999385,632389632
generic,2,2,context_cut,A,0.2,intact,0.003853595637778955,0.003853531641101144,1.6534739141538246e-05,3.380143859665896e-05,16.918656458998157,641810432
generic,2,2,context_double,A,0.2,intact,0.003842957065042878,0.003842894203084982,1.6286515220786946e-05,3.329320633260746e-05,20.210814334001043,641810432
generic,2,2,context_half,A,0.2,intact,0.0038529271248943786,0.00385286319964626,1.6519149261262633e-05,3.3769428295249426e-05,18.014148541995382,641810432
generic,2,2,glutamate_inhibitory,A,0.2,intact,0.003850856250136644,0.003850792660863107,1.644115192644957e-05,3.361641806420845e-05,17.509548624999297,641810432
generic,2,2,primary,A,0.2,freeze,0.003850930093250234,0.003850930093250234,0.0,0.0,17.75818312499905,641810432
generic,2,2,primary,A,0.2,intact,0.003850927199424428,0.0038508634877996786,1.647249492042757e-05,3.367371265938779e-05,17.900902624998707,641810432
generic,2,2,primary,A,0.2,matched_control,0.00385087431977388,0.0038508108757986004,1.6403553713462138e-05,3.352135424361524e-05,18.395198958998662,641810432
generic,2,2,primary,A,0.2,silence_dan,0.003850930093250234,0.003850930093250234,0.0,0.0,17.783419291998143,641810432
generic,2,2,primary,B,0.2,intact,0.0089987929486024,0.008998584348649624,2.2929983939601328e-05,7.94428806295544e-05,18.09492233399942,641810432
generic,2,2,role_normalization,A,0.2,intact,0.09256223209485684,0.09145705409476802,0.011407196007546139,0.020581074726489512,18.09098400000221,641810432
generic,2,3,primary,A,0.2,freeze,0.0038509762540338793,0.0038509762540338793,0.0,0.0,68.17057862500224,957923328
generic,2,3,primary,A,0.2,intact,0.003850973359547755,0.0038509096329047967,1.6476178501423355e-05,3.3682286851299814e-05,68.03938591699989,853917696
generic,2,3,primary,A,0.2,matched_control,0.003850920538483052,0.0038508570795001648,1.6407235184590085e-05,3.352992353145012e-05,68.3788657920013,976764928
generic,2,3,primary,A,0.2,silence_dan,0.0038509762540338793,0.0038509762540338793,0.0,0.0,68.05239537500165,878985216
generic,2,3,primary,B,0.2,intact,0.008998813246591537,0.008998604543302719,2.2941298769341145e-05,7.947987654799427e-05,67.25264920799964,853917696
generic,3,0,primary,A,0.2,freeze_plasticity,0.01858129967002651,0.01858129967002651,,0.0,11.910557540999434,688848896
generic,3,0,primary,A,0.2,intact,0.01858125771346529,0.018575860050142515,,0.0011552008723380025,19.007079417002387,688848896
generic,3,0,primary,A,0.2,matched_control,0.01858120917676633,0.01857581150820808,,0.0011552023434110437,20.19497779199446,688848896
generic,3,0,primary,A,0.2,silence_dan,0.018583679722747208,0.018583679722747208,,0.0,20.33726245899743,688848896
generic,3,0,primary,A,0.8,freeze_plasticity,0.01857812638090698,0.01857812638090698,,0.0,11.882949667000503,688848896
generic,3,0,primary,A,0.8,intact,0.018578028471596803,0.018565433530367124,,0.0026942490218486714,20.852416041998367,688848896
generic,3,0,primary,A,0.8,matched_control,0.0185779799324553,0.018565384979019967,,0.002694252449816359,16.96726654200029,688848896
generic,3,0,primary,A,0.8,silence_dan,0.018583679722747208,0.018583679722747208,,0.0,16.71791033300542,688848896
generic,3,0,primary,B,0.2,intact,0.01628795014891475,0.016283638891099905,,0.0007600758414080255,19.280137250003463,688848896
generic,3,0,primary,B,0.8,intact,0.016285275106287914,0.01627521505244999,,0.0017731295466004715,16.67159025000001,688848896
generic,3,1,primary,A,0.2,freeze_plasticity,0.01858101533972937,0.01858101533972937,,0.0,27.585065416998987,794591232
generic,3,1,primary,A,0.2,intact,0.018580973387224118,0.018575576257985255,,0.0011550927057623062,32.099453709000954,794591232
generic,3,1,primary,A,0.2,matched_control,0.018580924902992808,0.018575527857976504,,0.0011550748149654622,32.316237083003216,794591232
generic,3,1,primary,A,0.2,silence_dan,0.01858339516519977,0.01858339516519977,,0.0,32.1172466670032,794591232
generic,3,1,primary,A,0.8,freeze_plasticity,0.01857784235352394,0.01857784235352394,,0.0,27.668034458001785,794591232
generic,3,1,primary,A,0.8,intact,0.01857774445367741,0.0185651507582417,,0.002693996941538046,32.14549591700052,794591232
generic,3,1,primary,A,0.8,matched_control,0.01857769602049432,0.0185651025215118,,0.0026939552458989935,32.209176167001715,794591232
generic,3,1,primary,A,0.8,silence_dan,0.01858339516519977,0.01858339516519977,,0.0,32.263406875004875,794591232
generic,3,1,primary,B,0.2,intact,0.016287760528187763,0.016283449093006663,,0.0007601158638033123,32.15839445799793,794591232
generic,3,1,primary,B,0.8,intact,0.01628508536605816,0.016275024898586156,,0.00177322285914161,32.12377237500186,794591232
generic,3,2,context_cut,A,0.2,intact,0.01858125771346529,0.018575860050142515,,0.0011552008723380025,64.30688470799942,795394048
generic,3,2,context_cut,A,0.8,intact,0.018578028471596803,0.018565433530367124,,0.0026942490218486714,63.22556220900151,795394048
generic,3,2,context_double,A,0.2,intact,0.018580042152940603,0.01857464639661047,,0.001154811177968229,69.15916375000234,795394048
generic,3,2,context_double,A,0.8,intact,0.01857681398580643,0.01856422349291155,,0.0026933408380872548,70.00368750000052,795394048
generic,3,2,context_half,A,0.2,intact,0.018581173900762207,0.01857577638508686,,0.001155171079206485,64.70663291700475,795394048
generic,3,2,context_half,A,0.8,intact,0.018577944743282376,0.018565350146459356,,0.002694179588619394,64.82114916599676,795394048
generic,3,2,glutamate_inhibitory,A,0.2,intact,0.0185800743732783,0.01857468104718858,,0.0011543081280165346,72.13195158300368,795394048
generic,3,2,glutamate_inhibitory,A,0.8,intact,0.018576847682745676,0.018564262858060256,,0.0026921684623490982,65.72619033400406,795394048
generic,3,2,primary,A,0.2,freeze_plasticity,0.01858098051379773,0.01858098051379773,,0.0,63.29775541699928,795394048
generic,3,2,primary,A,0.2,intact,0.01858093856138879,0.01857554144594302,,0.0011550897772885094,76.01493995900091,795394048
generic,3,2,primary,A,0.2,matched_control,0.01858089007815414,0.018575493046695625,,0.0011550719303081713,74.74845608299802,795394048
generic,3,2,primary,A,0.2,silence_dan,0.01858336033620877,0.01858336033620877,,0.0,82.13214337499812,795394048
generic,3,2,primary,A,0.8,freeze_plasticity,0.018577807531673245,0.018577807531673245,,0.0,65.4647450420016,795394048
generic,3,2,primary,A,0.8,intact,0.018577709632051544,0.018565115968812065,,0.0026939901146412204,78.54914162500063,795394048
generic,3,2,primary,A,0.8,matched_control,0.018577661199724094,0.018565067732388724,,0.0026939485211407987,73.70846312500362,795394048
generic,3,2,primary,A,0.8,silence_dan,0.01858336033620877,0.01858336033620877,,0.0,76.91284666700085,795394048
generic,3,2,primary,B,0.2,intact,0.016287843441421784,0.016283531945505872,,0.0007601220640038875,81.16952729100012,795394048
generic,3,2,primary,B,0.8,intact,0.016285168245515402,0.016275107636329347,,0.0017732373189032202,79.461945791998,795394048
generic,3,2,role_normalization,A,0.2,intact,0.04550148795620613,0.0455014877043573,,1.3586064495640926e-08,68.38706195800478,795394048
generic,3,2,role_normalization,A,0.8,intact,0.04550148792247706,0.04550148733482967,,3.17008159722576e-08,68.45638745800534,795394048
generic,3,3,primary,A,0.2,freeze_plasticity,0.01858098142009611,0.01858098142009611,,0.0,231.95407329199952,981336064
generic,3,3,primary,A,0.2,intact,0.01858093946728335,0.0185755422989763,,0.0011551007935587387,215.3596062910001,981336064
generic,3,3,primary,A,0.2,matched_control,0.01858089098340391,0.01857549389928037,,0.0011550829061794943,184.67230020900024,981336064
generic,3,3,primary,A,0.2,silence_dan,0.01858336126584129,0.01858336126584129,,0.0,385.9775794579982,981336064
generic,3,3,primary,A,0.8,freeze_plasticity,0.018577808406869734,0.018577808406869734,,0.0,178.70640137499868,981336064
generic,3,3,primary,A,0.8,intact,0.018577710506305876,0.018565116719773105,,0.002694015788081927,215.2550842089986,981336064
generic,3,3,primary,A,0.8,matched_control,0.018577662073451177,0.018565068483280274,,0.002693974100460239,204.6686797500006,981336064
generic,3,3,primary,A,0.8,silence_dan,0.01858336126584129,0.01858336126584129,,0.0,231.80305979200057,981336064
generic,3,3,primary,B,0.2,intact,0.01628784586093383,0.016283534305630357,,0.0007601327135641212,219.2610032090015,981336064
generic,3,3,primary,B,0.8,intact,0.016285170628329373,0.01627510988062068,,0.0017732621496914236,303.11235904200294,981336064
class_consistent,1,1,primary,A,0.2,intact,0.06926468792032248,0.030354689516010242,0.5032753727700673,0.8410081746734701,18.21746008300397,644612096
class_consistent,1,1,primary,B,0.2,intact,0.11067908504560363,0.057990927811628366,0.3781552755977097,0.8409866977169542,17.744963500001177,644612096
class_consistent,1,2,context_cut,A,0.2,intact,0.07078002072329878,0.031242881346135586,0.49945214708266905,0.8410209048044506,8.488691665996157,642727936
class_consistent,1,2,context_double,A,0.2,intact,0.06123912721056364,0.02559472263578913,0.5272624887621399,0.8407868929522744,33.872800500001176,642727936
class_consistent,1,2,context_half,A,0.2,intact,0.07068949760605162,0.031191005105432178,0.4996613811511339,0.8410201694190484,35.89985570799763,642727936
class_consistent,1,2,full_normalization,A,0.2,intact,0.010713345155063392,0.008776347203988968,0.1682700138022153,0.4518588022619372,34.06777833299566,642727936
class_consistent,1,2,glutamate_inhibitory,A,0.2,intact,0.0692598758939387,0.030350458756994755,0.5032975946750098,0.8410080834314124,35.737436666000576,642727936
class_consistent,1,2,primary,A,0.2,freeze,0.06926453275571637,0.06926453275571637,0.0,0.0,32.961967084003845,642727936
class_consistent,1,2,primary,A,0.2,intact,0.06926453275571637,0.03035466627519519,0.5032683489474775,0.841008174704491,30.95432854200044,642727936
class_consistent,1,2,primary,A,0.2,matched_dan,0.06926453275571637,0.03035466627519519,0.5032683489474775,0.841008174704491,33.8341417920019,642727936
class_consistent,1,2,primary,A,0.2,silence_dan,0.06926453275571637,0.06926453275571637,0.0,0.0,33.35914912500448,642727936
class_consistent,1,2,primary,B,0.2,intact,0.11067097389570849,0.05798099216301174,0.3782035163861913,0.8409861566029146,32.40967704200011,642727936
class_consistent,1,3,primary,A,0.2,intact,0.06926449204191568,0.03035466950793375,0.5032680319066752,0.8410081754538196,127.81345133300056,840990720
class_consistent,1,3,primary,B,0.2,intact,0.11067097572354148,0.05798099380270778,0.3782034253577137,0.8409861572387411,129.96745745900262,840990720
class_consistent,2,1,primary,A,0.2,intact,0.0037833895703543842,0.003783328183429528,1.6157984029763206e-05,3.290565933056211e-05,7.228684042005625,632274944
class_consistent,2,1,primary,B,0.2,intact,0.008790158092002969,0.008789960838704421,2.220763506788348e-05,7.694064865515493e-05,7.388952083005279,632274944
class_consistent,2,2,context_cut,A,0.2,intact,0.003853595637778955,0.003853531641101144,1.6534739141538246e-05,3.380143859665896e-05,2.0521127920001163,641875968
class_consistent,2,2,context_double,A,0.2,intact,0.0034436262606496824,0.0034435755854222852,1.4669937224098817e-05,2.934809523880144e-05,10.999195625001448,641875968
class_consistent,2,2,context_half,A,0.2,intact,0.003847930967420917,0.0038478672176123496,1.649544518977919e-05,3.371106119032241e-05,11.046561791998101,641875968
class_consistent,2,2,glutamate_inhibitory,A,0.2,intact,0.0037831730714928853,0.0037831118031864527,1.6127674606014608e-05,3.284889993804274e-05,12.077641125004448,641875968
class_consistent,2,2,primary,A,0.2,freeze,0.003783295312376842,0.003783295312376842,0.0,0.0,10.404397291997157,641875968
class_consistent,2,2,primary,A,0.2,intact,0.003783292515157907,0.00378323109610758,1.6166852359278394e-05,3.292463956072744e-05,10.643681124995055,641875968
class_consistent,2,2,primary,A,0.2,matched_control,0.0037832397609447077,0.0037831786104525955,1.6096417782995864e-05,3.2770497179201996e-05,10.818160708004143,641875968
class_consistent,2,2,primary,A,0.2,silence_dan,0.003783295312376842,0.003783295312376842,0.0,0.0,10.765650250003091,641875968
class_consistent,2,2,primary,B,0.2,intact,0.008790143135791878,0.008789945837438033,2.221273746361163e-05,7.695839869714671e-05,10.895334875000117,641875968
class_consistent,2,2,role_normalization,A,0.2,intact,0.09095617325727057,0.0898941678953414,0.01116669653738045,0.020075860652907895,10.790302665998752,641875968
class_consistent,2,3,primary,A,0.2,intact,0.003783338661891119,0.0037832772275890577,1.61706679387974e-05,3.293345252619595e-05,95.8485694580013,745963520
class_consistent,2,3,primary,B,0.2,intact,0.008790163534500312,0.008789966135089974,2.2224070541754237e-05,7.6995452920392e-05,92.36881033299869,745963520
class_consistent,3,1,primary,A,0.2,intact,0.01858342680344136,0.01857803168137929,,0.0011547807002683097,41.133708833993296,794476544
class_consistent,3,1,primary,A,0.8,intact,0.018580198861293827,0.01856760985103808,,0.0026932697416972573,40.879682083999796,794476544
class_consistent,3,1,primary,B,0.2,intact,0.016280792936289708,0.016276473259967547,,0.0007619789047851322,39.5471534160024,794476544
class_consistent,3,1,primary,B,0.8,intact,0.016278112194405024,0.016268032509518877,,0.0017775665033287202,38.14135441699909,794476544
class_consistent,3,2,context_cut,A,0.2,intact,0.01858125771346529,0.018575860050142515,,0.0011552008723380025,24.267785083997296,795607040
class_consistent,3,2,context_cut,A,0.8,intact,0.018578028471596803,0.018565433530367124,,0.0026942490218486714,23.983197707995714,795607040
class_consistent,3,2,context_double,A,0.2,intact,0.018621454671385894,0.018616083769526226,,0.0011505297916188928,49.10997304099874,795607040
class_consistent,3,2,context_double,A,0.8,intact,0.018618239824022532,0.01860570732834038,,0.0026833624224292807,49.17462749999686,795607040
class_consistent,3,2,context_half,A,0.2,intact,0.01858094810663296,0.01857555085605783,,0.0011551288141986582,48.944749875001435,795607040
class_consistent,3,2,context_half,A,0.8,intact,0.018577719100997637,0.018565125122636406,,0.00269408107964042,48.95605908399739,795607040
class_consistent,3,2,glutamate_inhibitory,A,0.2,intact,0.01858251642293875,0.018577125142692275,,0.0011539888056097958,55.58245995800098,795607040
class_consistent,3,2,glutamate_inhibitory,A,0.8,intact,0.018579290745435965,0.018566710696123447,,0.0026914242090616547,56.12356591700518,795607040
class_consistent,3,2,primary,A,0.2,freeze_plasticity,0.01858342368446718,0.01858342368446718,,0.0,42.396277625004586,795607040
class_consistent,3,2,primary,A,0.2,intact,0.018583381746177692,0.01857798664452067,,0.0011547775163318619,48.264987624999776,795607040
class_consistent,3,2,primary,A,0.2,matched_control,0.018583333296095118,0.018577938278504624,,0.0011547596414287487,48.95691954100039,795607040
class_consistent,3,2,primary,A,0.2,silence_dan,0.018585802775816722,0.018585802775816722,,0.0,48.944413375000295,795607040
class_consistent,3,2,primary,A,0.8,freeze_plasticity,0.018580251677301828,0.018580251677301828,,0.0,42.40466116700554,795607040
class_consistent,3,2,primary,A,0.8,intact,0.018580153810636886,0.018567564848007853,,0.0026932623188352656,48.81571358300425,795607040
class_consistent,3,2,primary,A,0.8,matched_control,0.018580105411511942,0.018567516644971863,,0.002693220660251794,49.30494487499527,795607040
class_consistent,3,2,primary,A,0.8,silence_dan,0.018585802775816722,0.018585802775816722,,0.0,49.14651820799918,795607040
class_consistent,3,2,primary,B,0.2,intact,0.016280842858698224,0.016276523161046663,,0.00076198061420929,48.64178587500646,795607040
class_consistent,3,2,primary,B,0.8,intact,0.016278162104128267,0.016268082369465704,,0.0017775704906816125,48.58018354100204,795607040
class_consistent,3,2,role_normalization,A,0.2,intact,0.045461060523510746,0.04546106027183457,,1.3586064495640926e-08,49.35932566699921,795607040
class_consistent,3,2,role_normalization,A,0.8,intact,0.04546106048980581,0.04546105990256132,,3.1700815306123786e-08,49.194562000004225,795607040
class_consistent,3,3,primary,A,0.2,intact,0.01858338259840052,0.018577987442521957,,0.001154788820948438,277.7622067090051,953171968
class_consistent,3,3,primary,A,0.8,intact,0.018580154630402745,0.0185675655413078,,0.002693288664259774,174.3635787499952,953171968
class_consistent,3,3,primary,B,0.2,intact,0.016280845265942003,0.016276525505879273,,0.0007619917944021726,140.71400187499967,953171968
class_consistent,3,3,primary,B,0.8,intact,0.01627816447278732,0.01626808459254981,,0.0017775965587234488,169.57556425000075,953171968
