id,name,type,skid
5427852,Putative Mi1 5427852 HL,neuron,5427851
6769909,Putative Mi1 6769909 HL,neuron,6769908
6884009,Putative Mi1 6884009 HL,neuron,6884008
7180493,Putative Mi1 7180493 HL,neuron,7180492
8772554,Putative Mi1 8772554 JSL HL,neuron,8772553
8779685,Putative Mi1 8779685 HL,neuron,8779684
10148426,Putative Mi1 10148426 HL,neuron,10148425
10850335,Putative Mi1 10850335 MF,neuron,10850334
10885807,Putative Mi1 10885807 MF,neuron,10885806
10888498,Putative Mi1 10888498 MF,neuron,10888497
10918455,Putative Mi1 10918455 MF,neuron,10918454
10922201,Putative Mi1 10922201 MF,neuron,10922200
10931347,Putative Mi1 10931347 MF,neuron,10931346
10932669,Putative Mi1 10932669 MF,neuron,10932668
10934338,Putative Mi1 10934338 MF,neuron,10934337
10937289,Putative Mi1 10937289 MF HL,neuron,10937288
10944918,Putative Mi1 10944918 MF,neuron,10944917
10952964,Putative Mi1 10952964 MF,neuron,10952963
11053046,Putative Mi1 11053046 MF,neuron,11053045
11053813,Putative Mi1 11053813 MF,neuron,11053812
11063881,Putative Mi1 11063881 MF,neuron,11063880
11071381,Putative Mi1 11071381 MF HL,neuron,11071380
11081721,Putative Mi1 11081721 MF,neuron,11081720
11110948,Putative Mi1 11110948 MF,neuron,11110947
11119457,Putative Mi1 11119457 MF,neuron,11119456
11131688,Putative Mi1 11131688 MF,neuron,11131687
11140306,Putative Mi1 11140306 MF,neuron,11140305
11170410,Putative Mi1 11170410 MF,neuron,11170409
11178744,Putative Mi1 11178744 MF,neuron,11178743
11212870,Putative Mi1 11212870 MF,neuron,11212869
11228976,Putative Mi1 11228976 MF,neuron,11228975
11231891,Putative Mi1 11231891 MF,neuron,11231890
11247175,Putative Mi1 11247175 MF,neuron,11247174
11249204,Putative Mi1 11249204 MF,neuron,11249203
11250043,Putative Mi1 11250043 MF,neuron,11250042
11250865,Putative Mi1 11250865 MF,neuron,11250864
11255033,Putative Mi1 11255033 MF,neuron,11255032
11458128,Putative Mi1 col A1 11458128 CL,neuron,11458127
11470015,Putative Mi1 col G1 11470015 MF,neuron,11470014
11471702,Putative Mi1 col I1 11471702 HL,neuron,11471701
11472781,Putative Mi1 col H1 11472781 CL,neuron,11472780
11829851,Putative Mi1 11829851 HL,neuron,11829850
12656600,Putative Mi1 12656600 MF,neuron,12656599
12657734,Putative Mi1 12657734 MF,neuron,12657733
12667795,Putative Mi1 12667795 HL,neuron,12667794
12674022,Putative Mi1 12674022 MF,neuron,12674021
12676557,Putative Mi1 12676557 HL,neuron,12676556
12676764,Putative Mi1 12676764 MF,neuron,12676763
12678947,Putative Mi1 12678947 MF,neuron,12678946
12761685,Putative Mi1 12761685 MF,neuron,12761684
12791003,Putative Mi1 12791003 MF,neuron,12791002
12799953,Putative Mi1 12799953 MF,neuron,12799952
12801855,Putative Mi1 12801855 MF,neuron,12801854
12803536,Putative Mi1 12803536 MF,neuron,12803535
12814942,Putative Mi1 12814942 MF,neuron,12814941
12816236,Putative Mi1 12816236 MF,neuron,12816235
12817306,Putative Mi1 12817306 MF,neuron,12817305
12817677,Putative Mi1 12817677 MF,neuron,12817676
12823146,Putative Mi1 12823146 MF,neuron,12823145
12825137,Putative Mi1 12825137 MF,neuron,12825136
12826775,Putative Mi1 12826775 MF,neuron,12826774
12827856,Putative Mi1 12827856 MF,neuron,12827855
12843386,Putative Mi1 12843386 MF,neuron,12843385
12847194,Putative Mi1 12847194 MF,neuron,12847193
12848679,Putative Mi1 12848679 MF,neuron,12848678
12862069,Putative Mi1 12862069 HL,neuron,12862068
12868530,Putative Mi1 12868530 MF,neuron,12868529
12869642,Putative Mi1 12869642 MF,neuron,12869641
12870629,Putative Mi1 12870629 MF,neuron,12870628
12871842,Putative Mi1 12871842 MF,neuron,12871841
12872381,Putative Mi1 12872381 MF,neuron,12872380
12878061,Putative Mi1 12878061 MF,neuron,12878060
12878415,Putative Mi1 12878415 MF,neuron,12878414
12879026,Putative Mi1 12879026 MF,neuron,12879025
12879910,Putative Mi1 12879910 MF,neuron,12879909
12880438,Putative Mi1 12880438 MF,neuron,12880437
12880772,Putative Mi1 12880772 MF,neuron,12880771
12883279,Putative Mi1 12883279 MF,neuron,12883278
12884507,Putative Mi1 12884507 MF,neuron,12884506
12885688,Putative Mi1 12885688 MF,neuron,12885687
12888002,Putative Mi1 12888002 MF,neuron,12888001
12888269,Putative Mi1 12888269 MF,neuron,12888268
12895602,Putative Mi1 12895602 MF,neuron,12895601
12896681,Putative Mi1 12896681 MF,neuron,12896680
12897220,Putative Mi1 12897220 MF,neuron,12897219
12897449,Putative Mi1 12897449 MF,neuron,12897448
12897918,Putative Mi1 12897918 MF,neuron,12897917
12904929,Putative Mi1 12904929 MF,neuron,12904928
12906329,Putative Mi1 12906329 MF,neuron,12906328
12907734,Putative Mi1 12907734 MF,neuron,12907733
12908500,Putative Mi1 12908500 MF,neuron,12908499
12914127,Putative Mi1 12914127 MF,neuron,12914126
12917647,Putative Mi1 12917647 MF,neuron,12917646
12922031,Putative Mi1 12922031 MF,neuron,12922030
12922162,Putative Mi1 12922162 HL,neuron,12922161
12922276,Putative Mi1 12922276 MF,neuron,12922275
12922393,Putative Mi1 12922393 MF,neuron,12922392
12922501,Putative Mi1 12922501 MF,neuron,12922500
12922720,Putative Mi1 12922720 MF,neuron,12922719
12923540,Putative Mi1 12923540 MF,neuron,12923539
12925607,Putative Mi1 12925607 MF,neuron,12925606
12925821,Putative Mi1 12925821 HL,neuron,12925820
12925884,Putative Mi1 12925884 MF,neuron,12925883
12940057,Putative Mi1 12940057 MF,neuron,12940056
12941925,Putative Mi1 12941925 MF,neuron,12941924
12943306,Putative Mi1 12943306 MF,neuron,12943305
12952232,Putative Mi1 12952232 MF,neuron,12952231
12968974,Putative Mi1 12968974 HL,neuron,12968973
12976453,Putative Mi1 12976453 HL,neuron,12976452
13039515,Putative Mi1 13039515 MF,neuron,13039514
13046674,Putative Mi1 13046674 MF,neuron,13046673
13048186,Putative Mi1 13048186 MF,neuron,13048185
13059439,Putative Mi1 13059439 MF,neuron,13059438
13059922,Putative Mi1 13059922 MF,neuron,13059921
13060710,Putative Mi1 13060710 MF,neuron,13060709
13061358,Putative Mi1 13061358 MF,neuron,13061357
13061845,Putative Mi1 13061845 MF,neuron,13061844
13062936,Putative Mi1 13062936 MF,neuron,13062935
13072343,Putative Mi1 13072343 MF,neuron,13072342
13073676,Putative Mi1 13073676 MF,neuron,13073675
13104378,Putative Mi1 13104378 MF,neuron,13104377
13106121,Putative Mi1 13106121 MF,neuron,13106120
13107903,Putative Mi1 13107903 MF,neuron,13107902
13123483,Putative Mi1 13123483 MF,neuron,13123482
13125799,Putative Mi1 13125799 MF,neuron,13125798
13128491,Putative Mi1 13128491 MF,neuron,13128490
13139534,Putative Mi1 13139534 MF,neuron,13139533
13142116,Putative Mi1 13142116 MF,neuron,13142115
13142970,Putative Mi1 13142970 MF,neuron,13142969
13144348,Putative Mi1 13144348 HL,neuron,13144347
13230087,Putative Mi1 13230087 HL,neuron,13230086
13264429,Putative Mi1 13264429 HL,neuron,13264428
13294452,Putative Mi1 13294452 EK,neuron,13294451
13303706,Putative Mi1 13303706 HL,neuron,13303705
13313301,Putative Mi1 13313301 HL,neuron,13313300
13314547,Putative Mi1 13314547 HL,neuron,13314546
13315231,Putative Mi1 13315231 HL,neuron,13315230
13462934,Putative Mi1 13462934 HL,neuron,13462933
13482919,Putative Mi1 13482919 HL,neuron,13482918
13487584,Putative Mi1 13487584 HL,neuron,13487583
13500254,Putative Mi1 13500254 HL,neuron,13500253
13542394,Putative Mi1 13542394 HL,neuron,13542393
13550017,Putative Mi1 13550017 HL,neuron,13550016
13552876,Putative Mi1 13552876 HL,neuron,13552875
13557538,Putative Mi1 13557538 CL,neuron,13557537
13568855,Putative Mi1 13568855 HL,neuron,13568854
13577825,Putative Mi1 13577825 HL,neuron,13577824
13650885,Putative Mi1 13650885 HL,neuron,13650884
13653247,Putative Mi1 13653247 HL,neuron,13653246
13655781,Putative Mi1 13655781 HL,neuron,13655780
13656652,Putative Mi1 13656652 HL,neuron,13656651
13663700,Putative Mi1 13663700 HL,neuron,13663699
13666140,Putative Mi1 13666140 HL,neuron,13666139
13672480,Putative Mi1 13672480 HL,neuron,13672479
13678560,Putative Mi1 13678560 HL,neuron,13678559
13684082,Putative Mi1 13684082 HL,neuron,13684081
13687478,Putative Mi1 13687478 HL,neuron,13687477
13689086,Putative Mi1 13689086 HL,neuron,13689085
13692872,Putative Mi1 13692872 HL,neuron,13692871
13693886,Putative Mi1 13693886 HL,neuron,13693885
13695002,Putative Mi1 13695002 HL,neuron,13695001
13695927,Putative Mi1 13695927 HL,neuron,13695926
13704865,Putative Mi1 13704865 HL,neuron,13704864
13708510,Putative Mi1 13708510 HL,neuron,13708509
13709531,Putative Mi1 13709531 HL,neuron,13709530
13710669,Putative Mi1 13710669 HL,neuron,13710668
13719401,Putative Mi1 13719401 HL,neuron,13719400
13726216,Putative Mi1 13726216 HL,neuron,13726215
13731410,Putative Mi1 13731410 HL,neuron,13731409
13739636,Putative Mi1 13739636 HL,neuron,13739635
13747693,Putative Mi1 13747693 HL,neuron,13747692
13752230,Putative Mi1 13752230 MF,neuron,13752229
13753814,Putative Mi1 13753814 MF,neuron,13753813
13754193,Putative Mi1 13754193 MF,neuron,13754192
13762392,Putative Mi1 13762392 HL,neuron,13762391
13762840,Putative Mi1 13762840 MF,neuron,13762839
13765452,Putative Mi1 13765452 HL,neuron,13765451
13774457,Putative Mi1 13774457 HL CL,neuron,13774456
13774750,Putative Mi1 13774750 MF,neuron,13774749
13780563,Putative Mi1 13780563 MF,neuron,13780562
13780765,Putative Mi1 13780765 HL,neuron,13780764
13793404,Putative Mi1 13793404 HL,neuron,13793403
13793410,Putative Mi1 13793410 MF,neuron,13793409
13795322,Putative Mi1 13795322 HL,neuron,13795321
13800935,Putative Mi1 13800935 HL,neuron,13800934
13806443,Putative Mi1 13806443 HL,neuron,13806442
13817202,Putative Mi1 13817202 HL,neuron,13817201
13826950,Putative Mi1 13826950 HL,neuron,13826949
13828966,Putative Mi1 13828966 HL,neuron,13828965
13862637,Putative Mi1 13862637 HL,neuron,13862636
13864964,Putative Mi1 13864964 HL,neuron,13864963
13868899,Putative Mi1 13868899 HL,neuron,13868898
13870805,Putative Mi1 13870805 HL,neuron,13870804
13880912,Putative Mi1 13880912 HL,neuron,13880911
13883282,Putative Mi1 13883282 HL,neuron,13883281
13884548,Putative Mi1 13884548 MF,neuron,13884547
13885453,Putative Mi1 13885453 HL,neuron,13885452
13886410,Putative Mi1 13886410 HL,neuron,13886409
13887478,Putative Mi1 13887478 HL,neuron,13887477
13890192,Putative Mi1 13890192 MF,neuron,13890191
13891363,Putative Mi1 13891363 HL,neuron,13891362
13896104,Putative Mi1 13896104 HL,neuron,13896103
13899116,Putative Mi1 13899116 HL,neuron,13899115
13902603,Putative Mi1 13902603 HL,neuron,13902602
13970928,Putative Mi1 13970928 HL,neuron,13970927
13975333,Putative Mi1 13975333 HL,neuron,13975332
14346136,Putative Mi1 14346136 CL,neuron,14346135
14356436,Putative Mi1 9726563026 BG HL,neuron,14356435
14356908,Putative Mi1 14356908 CL,neuron,14356907
14541168,Putative Mi1 14541168 CL,neuron,14541167
14567425,Putative Mi1 14567425 CL,neuron,14567424
14780655,Putative Mi1 6836762092 CL,neuron,14780654
14780949,Putative Mi1 7880878943 CL,neuron,14780948
14781058,Putative Mi1 6962156960 CL,neuron,14781057
14781077,Putative Mi1 8134858292 CL,neuron,14781076
14781124,Putative Mi1 8521916925 CL,neuron,14781123
14781167,Putative Mi1 9704159215 CL,neuron,14781166
14781201,Putative Mi1 10359951137 CL,neuron,14781200
14781222,Putative Mi1 10355440318 CL,neuron,14781221
14781293,Putative Mi1 8661983642 CL,neuron,14781292
14781345,Putative Mi1 8658143585 CL,neuron,14781344
14781373,Putative Mi1 6719030652 CL,neuron,14781372
14781389,Putative Mi1 6845710427 CL,neuron,14781388
14781719,Putative Mi1 6838669638 CL,neuron,14781718
14781737,Putative Mi1 8951845417 CL,neuron,14781736
14783236,Putative Mi1 8696606369 CL,neuron,14783235
14783395,Putative Mi1 6869376481 CL,neuron,14783394
14783538,Putative Mi1 8568605143 CL,neuron,14783537
14783599,Putative Mi1 7393350830 CL,neuron,14783598
14783697,Putative Mi1 7129133274 CL,neuron,14783696
14783813,Putative Mi1 7262215349 CL,neuron,14783812
14783926,Putative Mi1 8694001456 CL,neuron,14783925
14784083,Putative Mi1 9745134934 CL,neuron,14784082
14788008,Putative Mi1 10008092050 CL,neuron,14788007
14789352,Putative Mi1 11696427457 CL,neuron,14789351
14789936,Putative Mi1 12214645155 CL,neuron,14789935
14791253,Putative Mi1 11697075527 CL,neuron,14791252
14791376,Putative Mi1 11432214611 CL,neuron,14791375
14791448,Putative Mi1 11693216511 CL,neuron,14791447
14791693,Putative Mi1 12079652250 CL,neuron,14791692
14792229,Putative Mi1 11167348553 CL,neuron,14792228
14792321,Putative Mi1 12338110510 CL,neuron,14792320
14794378,Putative Mi1 11687475502 CL,neuron,14794377
14794410,Putative Mi1 10773240574 CL,neuron,14794409
14794504,Putative Mi1 11814776063 CL,neuron,14794503
14794598,Putative Mi1 10771282028 CL,neuron,14794597
14795792,Putative Mi1 10384905600 CL,neuron,14795791
14795813,Putative Mi1 9731664333 CL,neuron,14795812
14795898,Putative Mi1 12071319997 CL,neuron,14795897
14796324,Putative Mi1 11679138264 CL,neuron,14796323
14796482,Putative Mi1 10503856980 CL,neuron,14796481
14796935,Putative Mi1 12066833282 CL,neuron,14796934
14797010,Putative Mi1 12063641073 CL,neuron,14797009
14797199,Putative Mi1 10366944344 CL,neuron,14797198
14797220,Putative Mi1 11674028525 CL,neuron,14797219
14797289,Putative Mi1 10372082780 CL,neuron,14797288
14801711,Putative Mi1 10884551516 CL,neuron,14801710
14802236,Putative Mi1 10365062492 CL,neuron,14802235
14802264,Putative Mi1 8669676527 CL,neuron,14802263
14802776,Putative Mi1 11666991119 CL,neuron,14802775
14803169,Putative Mi1 8146364366 CL,neuron,14803168
14803383,Putative Mi1 8400359352 CL,neuron,14803382
14803455,Putative Mi1 217234162 CL,neuron,14803454
14803675,Putative Mi1 9963946289 CL,neuron,14803674
14803697,Putative Mi1 8396496738 CL,neuron,14803696
14810280,Putative Mi1 8659426609 CL,neuron,14810279
14810633,Putative Mi1 10484718312 CL,neuron,14810632
14811022,Putative Mi1 11660604824 CL,neuron,14811021
14811180,Putative Mi1 11661238350 CL,neuron,14811179
14813015,Putative Mi1 11795584588 CL,neuron,14813014
14813529,Putative Mi1 12061085446 CL,neuron,14813528
14813702,Putative Mi1 12329141844 CL,neuron,14813701
14814077,Putative Mi1 12205031550 CL,neuron,14814076
14814137,Putative Mi1 10660016374 CL,neuron,14814136
14814218,Putative Mi1 9748349076 CL,neuron,14814217
14814514,Putative Mi1 8701063046 CL,neuron,14814513
14815118,Putative Mi1 8959544762 CL,neuron,14815117
14815210,Putative Mi1 8828395194 CL,neuron,14815209
14827900,Putative Mi1 8434937121 CL,neuron,14827899
14828709,Putative Mi1 8171992423 CL,neuron,14828708
14830021,Putative Mi1 8436207084 CL,neuron,14830020
14830298,Putative Mi1 9090644605 CL,neuron,14830297
14831690,Putative Mi1 8700388455 CL,neuron,14831689
14833356,Putative Mi1 10656817576 CL,neuron,14833355
14834852,Putative Mi1 9616548385 CL,neuron,14834851
14835013,Putative Mi1 6854643269 CL,neuron,14835012
14835150,Putative Mi1 6590427234 CL,neuron,14835149
14837985,Putative Mi1 7762499009 CL,neuron,14837984
14838000,Putative Mi1 5022376718 CL,neuron,14837999
14838148,Putative Mi1 6848252423 CL,neuron,14838147
14838162,Putative Mi1 6845053698 CL,neuron,14838161
14838204,Putative Mi1 6844436030 CL,neuron,14838203
14838227,Putative Mi1 6317904285 CL,neuron,14838226
14838250,Putative Mi1 6838661055 CL,neuron,14838249
14838345,Putative Mi1 6836739967 CL,neuron,14838344
14838511,Putative Mi1 8404192790 CL,neuron,14838510
14838580,Putative Mi1 6704962518 CL,neuron,14838579
14840350,Putative Mi1 7624974504 CL,neuron,14840349
14842646,Putative Mi1 6832911409 CL,neuron,14842645
14843492,Putative Mi1 8532150263 CL,neuron,14843491
14844003,Putative Mi1 8138680209 CL,neuron,14844002
14844269,Putative Mi1 8268565567 CL,neuron,14844268
14844639,Putative Mi1 7741385269 CL,neuron,14844638
14844668,Putative Mi1 8132930485 CL,neuron,14844667
14844721,Putative Mi1 8394594807 CL,neuron,14844720
14844833,Putative Mi1 6839935347 CL,neuron,14844832
14844860,Putative Mi1 7622362555 CL,neuron,14844859
14845075,Putative Mi1 7749040205 CL,neuron,14845074
14845103,Putative Mi1 9578793567 CL,neuron,14845102
14845722,Putative Mi1 8529572181 CL,neuron,14845721
14846178,Putative Mi1 9573041916 CL,neuron,14846177
14846454,Putative Mi1 7871246485 CL,neuron,14846453
14846572,Putative Mi1 7761816884 CL,neuron,14846571
14850690,Putative Mi1 8670306268 CL,neuron,14850689
14851277,Putative Mi1 8663896760 CL,neuron,14851276
14851334,Putative Mi1 10373985118 CL,neuron,14851333
14851354,Putative Mi1 10239640825 CL,neuron,14851353
14851530,Putative Mi1 11937599416 CL,neuron,14851529
14851882,Putative Mi1 12064280974 CL,neuron,14851881
14852107,Putative Mi1 10231995765 CL,neuron,14852106
14852296,Putative Mi1 10487229817 CL,neuron,14852295
14852585,Putative Mi1 11793028493 CL,neuron,14852584
14855118,Putative Mi1 9705448947 CL,neuron,14855117
14855256,Putative Mi1 10353565552 CL,neuron,14855255
14855351,Putative Mi1 11397658439 CL,neuron,14855350
14855384,Putative Mi1 10741901701 CL,neuron,14855383
14855473,Putative Mi1 11134076712 CL,neuron,14855472
14855819,Putative Mi1 9694598308 CL,neuron,14855818
14855868,Putative Mi1 9302423328 CL,neuron,14855867
14855926,Putative Mi1 8646033924 CL,neuron,14855925
14856321,Putative Mi1 9967097484 CL,neuron,14856320
14856348,Putative Mi1 10625448672 CL,neuron,14856347
14856531,Putative Mi1 11675949332 CL,neuron,14856530
14858812,Putative Mi1 8421415622 CL,neuron,14858811
14858931,Putative Mi1 10381065225 CL,neuron,14858930
14858994,Putative Mi1 8688207944 CL,neuron,14858993
14859081,Putative Mi1 8560253902 CL,neuron,14859080
14859177,Putative Mi1 10384866279 CL,neuron,14859176
14859874,Putative Mi1 10518583483 CL,neuron,14859873
14860199,Putative Mi1 11692593708 CL,neuron,14860198
14862700,Putative Mi1 10912695281 CL,neuron,14862699
14862873,Putative Mi1 10899908066 CL,neuron,14862872
14862896,Putative Mi1 10376545889 CL,neuron,14862895
14862999,Putative Mi1 11681702268 CL,neuron,14862998
14863440,Putative Mi1 11942088293 CL,neuron,14863439
14863805,Putative Mi1 11685554771 CL,neuron,14863804
14864325,Putative Mi1 12206951083 CL,neuron,14864324
14864404,Putative Mi1 10258844255 CL,neuron,14864403
14864446,Putative Mi1 8297987528 CL,neuron,14864445
14864607,Putative Mi1 6868095367 CL,neuron,14864606
14864682,Putative Mi1 6866817623 CL,neuron,14864681
14865111,Putative Mi1 8394608529 CL,neuron,14865110
14865151,Putative Mi1 7761874513 CL,neuron,14865150
14865190,Putative Mi1 9344663595 CL,neuron,14865189
14865248,Putative Mi1 8697829606 CL,neuron,14865247
14865823,Putative Mi1 8148924785 CL,neuron,14865822
14865895,Putative Mi1 6317897398 CL,neuron,14865894
14877452,Putative Mi1 6864246608 CL,neuron,14877451
14877504,Putative Mi1 7133601364 CL,neuron,14877503
14879394,Putative Mi1 7759931421 CL,neuron,14879393
14879475,Putative Mi1 7765044524 CL,neuron,14879474
14879555,Putative Mi1 7631953986 CL,neuron,14879554
14879689,Putative Mi1 8681823633 CL,neuron,14879688
14879838,Putative Mi1 10241588871 CL,neuron,14879837
14880473,Putative Mi1 8809115577 CL,neuron,14880472
14882862,Putative Mi1 10631204824 CL,neuron,14882861
14883351,Putative Mi1 8807194423 CL,neuron,14883350
14883522,Putative Mi1 8797603131 CL,neuron,14883521
14883922,Putative Mi1 9713784675 CL,neuron,14883921
14884002,Putative Mi1 8280671468 CL,neuron,14884001
14884202,Putative Mi1 10093778518 CL,neuron,14884201
14884656,Putative Mi1 10613920748 CL,neuron,14884655
14885982,Putative Mi1 10098929068 CL,neuron,14885981
14886413,Putative Mi1 7761866068 CL,neuron,14886412
14886619,Putative Mi1 6846338220 CL,neuron,14886618
14886805,Putative Mi1 6845051911 CL,neuron,14886804
14887119,Putative Mi1 10355470875 CL,neuron,14887118
14887219,Putative Mi1 8658155515 CL,neuron,14887218
14887286,Putative Mi1 8661359157 CL,neuron,14887285
14887944,Putative Mi1 217253137 CL,neuron,14887943
14888180,Putative Mi1 8694618673 CL,neuron,14888179
14888336,Putative Mi1 8695908783 CL,neuron,14888335
14888962,Putative Mi1 8438741743 CL,neuron,14888961
14889028,Putative Mi1 6867472650 CL,neuron,14889027
14889145,Putative Mi1 7392722911 CL,neuron,14889144
14889197,Putative Mi1 8177723162 CL,neuron,14889196
14889468,Putative Mi1 11414918833 CL,neuron,14889467
14889636,Putative Mi1 10508976733 CL,neuron,14889635
14889856,Putative Mi1 8686960644 CL,neuron,14889855
14889941,Putative Mi1 6857198921 CL,neuron,14889940
14889977,Putative Mi1 6861679025 CL,neuron,14889976
14890014,Putative Mi1 6866171051 CL,neuron,14890013
14890070,Putative Mi1 6720955005 CL,neuron,14890069
14890127,Putative Mi1 7766342708 CL,neuron,14890126
14890299,Putative Mi1 6865529522 CL,neuron,14890298
14890377,Putative Mi1 8176426780 CL,neuron,14890376
14890390,Putative Mi1 8962066474 CL,neuron,14890389
14890426,Putative Mi1 9091927317 CL,neuron,14890425
14890465,Putative Mi1 8964633496 CL,neuron,14890464
14890489,Putative Mi1 8672225480 CL,neuron,14890488
14890504,Putative Mi1 8680543969 CL,neuron,14890503
14890515,Putative Mi1 6858488753 CL,neuron,14890514
14892491,Putative Mi1 6729255057 CL,neuron,14892490
14892595,Putative Mi1 6870666130 CL,neuron,14892594
14892629,Putative Mi1 6870667942 CL,neuron,14892628
14892683,Putative Mi1 7261580641 CL,neuron,14892682
14892795,Putative Mi1 11807735126 CL,neuron,14892794
14893501,Putative Mi1 11932490191 CL,neuron,14893500
14893605,Putative Mi1 11672747278 CL,neuron,14893604
14893952,Putative Mi1 10755929146 CL,neuron,14893951
14894645,Putative Mi1 10497457507 CL,neuron,14894644
14894735,Putative Mi1 10507055830 CL,neuron,14894734
14896276,Putative Mi1 10525000061 CL,neuron,14896275
14896464,Putative Mi1 9706713112 CL,neuron,14896463
14896643,Putative Mi1 9709272088 CL,neuron,14896642
14897593,Putative Mi1 11407244883 CL,neuron,14897592
14897695,Putative Mi1 9711184731 CL,neuron,14897694
14897849,Putative Mi1 10359272234 CL,neuron,14897848
14898992,Putative Mi1 9703520896 CL,neuron,14898991
14899077,Putative Mi1 9313273760 CL,neuron,14899076
14899725,Putative Mi1 8783555436 CL,neuron,14899724
14899842,Putative Mi1 9047129793 CL,neuron,14899841
14899931,Putative Mi1 10095733444 CL,neuron,14899930
14899982,Putative Mi1 9697769866 CL,neuron,14899981
14900274,Putative Mi1 10874325947 CL,neuron,14900273
14900529,Putative Mi1 9695226152 CL,neuron,14900528
14904433,Putative Mi1 8129090512 CL,neuron,14904432
14905882,Putative Mi1 6316634993 CL,neuron,14905881
14906100,Putative Mi1 6830365932 CL,neuron,14906099
14906167,Putative Mi1 8397810147 CL,neuron,14906166
14906421,Putative Mi1 9303705971 CL,neuron,14906420
14906695,Putative Mi1 8653040737 CL,neuron,14906694
14906763,Putative Mi1 8654323333 CL,neuron,14906762
14906841,Putative Mi1 7999850410 CL,neuron,14906840
14907775,Putative Mi1 8665189270 CL,neuron,14907774
14907805,Putative Mi1 8662632436 CL,neuron,14907804
14907895,Putative Mi1 7881467607 CL,neuron,14907894
14908089,Putative Mi1 7756717291 CL,neuron,14908088
14908375,Putative Mi1 8669039774 CL,neuron,14908374
14908505,Putative Mi1 7370931722 CL,neuron,14908504
17591158,Putative Mi1 8546810385 CL,neuron,17591157
14908859,Putative Mi1 10007471307 CL,neuron,14908858
14909170,Putative Mi1 9745807169 CL,neuron,14909169
14909297,Putative Mi1 9746428102 CL,neuron,14909296
14909639,Putative Mi1 9747711096 CL,neuron,14909638
14909701,Putative Mi1 9875676672 CL,neuron,14909700
14923391,Putative Mi1 6842496303 CL,neuron,14923390
14923927,Putative Mi1 5142023910 CL,neuron,14923926
14924053,Putative Mi1 6838050243 CL,neuron,14924052
14924242,Putative Mi1 7494463426 CL,neuron,14924241
14924522,Putative Mi1 5931485437 CL,neuron,14924521
14925913,Putative Mi1 7758677784 CL,neuron,14925912
14925982,Putative Mi1 6319822118 CL,neuron,14925981
14926114,Putative Mi1 6316631693 CL HL,neuron,14926113
14926279,Putative Mi1 8949873250 CL,neuron,14926278
14926373,Putative Mi1 10120037952 CL,neuron,14926372
14926431,Putative Mi1 8292827158 CL,neuron,14926430
14926674,Putative Mi1 11432861277 CL,neuron,14926673
14931494,Putative Mi1 8934549521 CL,neuron,14931493
14931625,Putative Mi1 8928112657 CL,neuron,14931624
14931781,Putative Mi1 10236469039 CL,neuron,14931780
14931926,Putative Mi1 12070034047 CL,neuron,14931925
14932161,Putative Mi1 12073880806 CL,neuron,14932160
14932352,Putative Mi1 12076443365 CL,neuron,14932351
14932623,Putative Mi1 12080935363 CL,neuron,14932622
14933006,Putative Mi1 10889030233 CL,neuron,14933005
14933314,Putative Mi1 9718223761 CL,neuron,14933313
14933582,Putative Mi1 11804536317 CL,neuron,14933581
14933627,Putative Mi1 10371441539 CL,neuron,14933626
14933945,Putative Mi1 11423882302 CL,neuron,14933944
14934051,Putative Mi1 11819269778 CL,neuron,14934050
14934138,Putative Mi1 9740003310 CL,neuron,14934137
14934886,Putative Mi1 8570518740 CL,neuron,14934885
14935040,Putative Mi1 8828337778 CL,neuron,14935039
14935173,Putative Mi1 9212869136 CL,neuron,14935172
14946447,Putative Mi1 13770148 HL,neuron,14946446
14946504,Putative Mi1 13744617 HL,neuron,14946503
14946563,Putative Mi1 7523215381 CL,neuron,14946562
14946747,Putative Mi1 8439373290 CL,neuron,14946746
14946761,Putative Mi1 7393352283 CL,neuron,14946760
14946777,Putative Mi1 7516169711 CL,neuron,14946776
14947096,Putative Mi1 7263499539 CL,neuron,14947095
14947135,Putative Mi1 6866829660 CL,neuron,14947134
14947193,Putative Mi1 10248629804 BG,neuron,14947192
14947707,Putative Mi1 217263685 CL,neuron,14947706
14947733,Putative Mi1 10131533215 CL,neuron,14947732
14947773,Putative Mi1 11427732850 CL,neuron,14947772
14947791,Putative Mi1 10388713522 CL,neuron,14947790
14951087,Putative Mi1 7766329155 CL,neuron,14951086
14951470,Putative Mi1 10226225838 CL,neuron,14951469
14952516,Putative Mi1 9830836758 CL,neuron,14952515
14952701,Putative Mi1 9699689217 CL,neuron,14952700
14953506,Putative Mi1 10873694504 CL,neuron,14953505
14954851,Putative Mi1 11662522468 CL,neuron,14954850
14955062,Putative Mi1 9709267080 CL,neuron,14955061
14955246,Putative Mi1 7763766821 CL,neuron,14955245
14955642,Putative Mi1 9714414198 CL,neuron,14955641
14955735,Putative Mi1 9970931049 CL,neuron,14955734
14955895,Putative Mi1 11930570858 CL,neuron,14955894
14956324,Putative Mi1 217265459 CL,neuron,14956323
14956413,Putative Mi1 11677229017 CL,neuron,14956412
14956507,Putative Mi1 9723338670 CL,neuron,14956506
14956598,Putative Mi1 7764420019 CL,neuron,14956597
14956708,Putative Mi1 6827801742 CL,neuron,14956707
14956723,Putative Mi1 8655635421 CL,neuron,14956722
14956853,Putative Mi1 8526395244 CL,neuron,14956852
14957012,Putative Mi1 7351136382 CL,neuron,14957011
14968099,Putative Mi1 8426544209 CL,neuron,14968098
15068125,Putative Mi1 12192236266 HL,neuron,15068124
15069097,Putative Mi1 12194159099 HL,neuron,15069096
15069389,Putative Mi1 217277228 HL,neuron,15069388
15070182,Putative Mi1 11936327351 CL HL,neuron,15070181
15077008,Putative Mi1 217278269 HL,neuron,15077007
15078575,Putative Mi1 15078575 HL,neuron,15078574
15079200,Putative Mi1 11269699137 HL,neuron,15079199
15079627,Putative Mi1 11400215971 HL,neuron,15079626
15080165,Putative Mi1 11659960387 HL,neuron,15080164
15080211,Putative Mi1 11399576241 HL,neuron,15080210
15080251,Putative Mi1 10091864243 HL,neuron,15080250
15083024,Putative Mi1 9700965415 HL,neuron,15083023
15084024,Putative Mi1 11265867609 HL,neuron,15084023
15085163,Putative Mi1 10745090460 HL,neuron,15085162
15085804,Putative Mi1 10610757698 HL,neuron,15085803
15086422,Putative Mi1 10349095257 HL,neuron,15086421
15086545,Putative Mi1 9042029057 HL,neuron,15086544
15086822,Putative Mi1 7091397098 HL,neuron,15086821
15087076,Putative Mi1 8393960184 HL,neuron,15087075
15087120,Putative Mi1 8258960130 HL,neuron,15087119
15088743,Putative Mi1 8385011124 HL,neuron,15088742
15088798,Putative Mi1 6832926901 HL,neuron,15088797
15089136,Putative Mi1 7749079209 HL,neuron,15089135
15090109,Putative Mi1 11796864241 HL,neuron,15090108
15090165,Putative Mi1 10357996131 HL,neuron,15090164
15090855,Putative Mi1 11801337343 HL,neuron,15090854
15091416,Putative Mi1 11671472654 HL,neuron,15091415
15103308,Putative Mi1 15103308 HL,neuron,15103307
15105218,Putative Mi1 9706080102 HL,neuron,15105217
15107086,Putative Mi1 9708639200 HL,neuron,15107085
15109096,Putative Mi1 7654386601 CL HL,neuron,15109095
15109152,Putative Mi1 10363144673 HL,neuron,15109151
15109163,Putative Mi1 8437481424 CL,neuron,15109162
15109188,Putative Mi1 7395280375 CL,neuron,15109187
15109431,Putative Mi1 10363774262 HL,neuron,15109430
15109532,Putative Mi1 8700394077 CL,neuron,15109531
15109544,Putative Mi1 8307580885 CL,neuron,15109543
15109608,Putative Mi1 8702333842 CL,neuron,15109607
15109682,Putative Mi1 8702974810 CL,neuron,15109681
15109780,Putative Mi1 8567997818 CL,neuron,15109779
15110364,Putative Mi1 8697246145 CL,neuron,15110363
15110629,Putative Mi1 10361191461 HL,neuron,15110628
15110686,Putative Mi1 8564810471 CL,neuron,15110685
15110925,Putative Mi1 217283371 CL,neuron,15110924
15110978,Putative Mi1 9706713046 HL,neuron,15110977
15111089,Putative Mi1 7000554996 CL,neuron,15111088
15111213,Putative Mi1 6869388557 CL,neuron,15111212
15113963,Putative Mi1 9715663115 HL,neuron,15113962
15114486,Putative Mi1 10007438311 CL,neuron,15114485
15114600,Putative Mi1 9875649611 CL,neuron,15114599
15114703,Putative Mi1 10658105865 CL,neuron,15114702
15115198,Putative Mi1 10106560415 HL,neuron,15115197
15115376,Putative Mi1 10660006444 CL,neuron,15115375
15115398,Putative Mi1 10526282495 CL,neuron,15115397
15115434,Putative Mi1 11694523203 CL,neuron,15115433
15115480,Putative Mi1 9743865694 CL,neuron,15115479
15115493,Putative Mi1 10370139874 HL,neuron,15115492
15115517,Putative Mi1 9741304992 CL,neuron,15115516
15116319,Putative Mi1 11693241967 CL,neuron,15116318
15116374,Putative Mi1 11953627913 CL,neuron,15116373
15116569,Putative Mi1 9738073762 CL,neuron,15116568
15116597,Putative Mi1 9738717017 CL,neuron,15116596
15116626,Putative Mi1 10253758126 CL,neuron,15116625
15116640,Putative Mi1 11805822768 HL,neuron,15116639
15117077,Putative Mi1 7352400278 CL,neuron,15117076
15129377,Putative Mi1 9066937516 HL,neuron,15129376
15131583,Putative Mi1 8675429336 HL,neuron,15131582
15136029,Putative Mi1 8537858613 HL,neuron,15136028
15136192,Putative Mi1 8697183293 CL,neuron,15136191
15136210,Putative Mi1 8695260445 CL,neuron,15136209
15136736,Putative Mi1 8696557402 CL,neuron,15136735
15136752,Putative Mi1 8698472540 CL,neuron,15136751
15136842,Putative Mi1 7387584598 CL,neuron,15136841
15136863,Putative Mi1 6868090328 CL,neuron,15136862
15137474,Putative Mi1 8553213087 HL,neuron,15137473
15138424,Putative Mi1 6871290754 CL,neuron,15138423
15138583,Putative Mi1 7774636112 CL,neuron,15138582
15138653,Putative Mi1 6864900174 CL,neuron,15138652
15138817,Putative Mi1 6866834458 CL,neuron,15138816
15138830,Putative Mi1 6868743629 CL,neuron,15138829
15138871,Putative Mi1 6867453873 CL,neuron,15138870
15139100,Putative Mi1 8940309115 HL,neuron,15139099
15139331,Putative Mi1 217287398 CL,neuron,15139330
15139448,Putative Mi1 9457876733 HL,neuron,15139447
15139750,Putative Mi1 7502724157 HL,neuron,15139749
15139814,Putative Mi1 8668385344 HL,neuron,15139813
15139852,Putative Mi1 8669028254 HL,neuron,15139851
15139981,Putative Mi1 8688229814 CL,neuron,15139980
15140110,Putative Mi1 6836112092 HL,neuron,15140109
15145864,Putative Mi1 7771418670 CL,neuron,15145863
15145886,Putative Mi1 8551290549 CL,neuron,15145885
15146229,Putative Mi1 7774651665 CL,neuron,15146228
15147356,Putative Mi1 7765696170 CL,neuron,15147355
15147620,Putative Mi1 217288627 CL,neuron,15147619
15149047,Putative Mi1 12340026191 CL,neuron,15149046
15149097,Putative Mi1 10381666022 CL,neuron,15149096
15149241,Putative Mi1 10375283511 CL,neuron,15149240
15149303,Putative Mi1 9857691874 CL,neuron,15149302
15149371,Putative Mi1 10381684708 CL,neuron,15149370
15160893,Putative Mi1 8671597142 HL,neuron,15160892
15160907,Putative Mi1 7125328276 CL,neuron,15160906
15161121,Putative Mi1 7759902532 HL,neuron,15161120
15161162,Putative Mi1 8672205084 HL,neuron,15161161
15161492,Putative Mi1 8178988924 CL,neuron,15161491
15161522,Putative Mi1 7262830922 CL,neuron,15161521
15161599,Putative Mi1 9742616718 CL,neuron,15161598
15161808,Putative Mi1 10656839991 CL,neuron,15161807
15161851,Putative Mi1 7746486311 HL,neuron,15161850
15161912,Putative Mi1 8008155150 HL,neuron,15161911
15161932,Putative Mi1 7743930825 HL,neuron,15161931
15161988,Putative Mi1 8398436610 HL,neuron,15161987
15174183,Putative Mi1 8520618877 HL,neuron,15174182
15174380,Putative Mi1 6836103547 HL,neuron,15174379
15174876,Putative Mi1 9740656708 CL,neuron,15174875
15175532,Putative Mi1 11413644347 HL,neuron,15175531
15175998,Putative Mi1 11022738650 HL,neuron,15175997
15176537,Putative Mi1 10371424739 HL,neuron,15176536
15177260,Putative Mi1 5802246952 CL,neuron,15177259
15177384,Putative Mi1 8284552613 CL,neuron,15177383
15177412,Putative Mi1 6855279557 CL,neuron,15177411
15177418,Putative Mi1 11939526014 HL,neuron,15177417
15177531,Putative Mi1 6843151274 CL,neuron,15177530
15177658,Putative Mi1 8147648919 HL,neuron,15177657
15177827,Putative Mi1 6964699055 CL,neuron,15177826
15177896,Putative Mi1 6834192775 CL,neuron,15177895
15177981,Putative Mi1 7754825189 CL,neuron,15177980
15178183,Putative Mi1 7225719725 HL,neuron,15178182
15185710,Putative Mi1 10105280843 HL,neuron,15185709
15186062,Putative Mi1 8795687236 CL,neuron,15186061
15187268,Putative Mi1 7758628284 CL,neuron,15187267
15187483,Putative Mi1 8930670014 HL,neuron,15187482
15187524,Putative Mi1 8414416834 CL,neuron,15187523
15188496,Putative Mi1 10880709941 HL,neuron,15188495
15189339,Putative Mi1 10228160537 HL,neuron,15189338
15189913,Putative Mi1 8398397249 HL,neuron,15189912
15191897,Putative Mi1 9702250061 HL,neuron,15191896
15192064,Putative Mi1 8656234250 HL,neuron,15192063
15192122,Putative Mi1 8000486321 HL,neuron,15192121
15192169,Putative Mi1 6960242208 HL,neuron,15192168
15192209,Putative Mi1 7481642474 HL,neuron,15192208
15192275,Putative Mi1 9301783334 HL,neuron,15192274
15192500,Putative Mi1 11401493671 HL,neuron,15192499
15197003,Putative Mi1 8653676907 HL,neuron,15197002
15197969,Putative Mi1 6999247948 CL,neuron,15197968
15198062,Putative Mi1 10223054347 HL,neuron,15198061
15198801,Putative Mi1 6868759258 CL,neuron,15198800
15199058,Putative Mi1 10613949598 HL,neuron,15199057
15199872,Putative Mi1 11137275915 HL,neuron,15199871
15200796,Putative Mi1 10373370823 CL,neuron,15200795
15200879,Putative Mi1 9718872074 CL,neuron,15200878
15200941,Putative Mi1 10359275526 HL,neuron,15200940
15201328,Putative Mi1 8657520498 HL,neuron,15201327
15201920,Putative Mi1 10374621494 HL,neuron,15201919
15202188,Putative Mi1 5811200406 CL,neuron,15202187
15202536,Putative Mi1 217293408 HL,neuron,15202535
15206847,Putative Mi1 6840578655 HL,neuron,15206846
15208332,Putative Mi1 10636287471 HL,neuron,15208331
15212296,Putative Mi1 11157731381 HL,neuron,15212295
15212382,Putative Mi1 11029781306 HL,neuron,15212381
15212869,Putative Mi1 11681072895 HL,neuron,15212868
15216171,Putative Mi1 10903098595 HL,neuron,15216170
15217287,Putative Mi1 11683631821 HL,neuron,15217286
15218071,Putative Mi1 11945916961 HL,neuron,15218070
15218698,Putative Mi1 11816697164 CL,neuron,15218697
15218817,Putative Mi1 11682345529 CL,neuron,15218816
15219638,Putative Mi1 8130356298 CL,neuron,15219637
15221003,Putative Mi1 10647173607 HL,neuron,15221002
15223176,Putative Mi1 9735506131 CL,neuron,15223175
15223249,Putative Mi1 9995890562 CL,neuron,15223248
15223347,Putative Mi1 10386149635 HL,neuron,15223346
15223543,Putative Mi1 9734881733 CL,neuron,15223542
15223562,Putative Mi1 8821281422 CL,neuron,15223561
15223932,Putative Mi1 10910763739 HL,neuron,15223931
15224209,Putative Mi1 8663276762 HL,neuron,15224208
15224338,Putative Mi1 7132324957 CL,neuron,15224337
15224411,Putative Mi1 7872527825 HL,neuron,15224410
15225020,Putative Mi1 8143809963 HL,neuron,15225019
15225180,Putative Mi1 10383614365 CL,neuron,15225179
15225595,Putative Mi1 10263330852 CL,neuron,15225594
15225783,Putative Mi1 8659439819 HL,neuron,15225782
15232128,Putative Mi1 7760576325 HL,neuron,15232127
15266522,Putative Mi1 9743852023 HL,neuron,15266521
15268103,Putative Mi1 9876934251 HL,neuron,15268102
15297626,Putative Mi1 8305685064 HL,neuron,15297625
15297930,Putative Mi1 9746426584 HL,neuron,15297929
15297941,Putative Mi1 9225006362 HL,neuron,15297940
15297991,Putative Mi1 11433505787 HL,neuron,15297990
15298817,Putative Mi1 217296336 HL,neuron,15298816
15298830,Putative Mi1 11431569774 HL,neuron,15298829
15298859,Putative Mi1 9999737671 HL,neuron,15298858
15299212,Putative Mi1 8397173734 HL,neuron,15299211
15299436,Putative Mi1 8521893295 HL,neuron,15299435
15300543,Putative Mi1 7779817324 HL,neuron,15300542
15300578,Putative Mi1 9732305855 HL,neuron,15300577
15310680,Putative Mi1 10099565453 HL,neuron,15310679
15310780,Putative Mi1 10356114003 HL,neuron,15310779
15315352,Putative Mi1 10371451514 HL,neuron,15315351
15336673,Putative Mi1 8433662873 HL,neuron,15336672
15344263,Putative Mi1 10249890491 HL,neuron,15344262
15344284,Putative Mi1 8964642092 HL,neuron,15344283
15350412,Putative Mi1 8041482897 HL,neuron,15350411
15379406,Putative Mi1 12461574044 HL,neuron,15379405
15380394,Putative Mi1 12071942931 HL,neuron,15380393
15388604,Putative Mi1 11566579518 HL,neuron,15388603
15389679,Putative Mi1 10786076864 HL,neuron,15389678
15392765,Putative Mi1 7913512138 HL,neuron,15392764
15397366,Putative Mi1 8135475877 HL,neuron,15397365
15401073,Putative Mi1 8401589523 HL,neuron,15401072
15401314,Putative Mi1 11947858045 HL,neuron,15401313
15405914,Putative Mi1 8423977892 HL,neuron,15405913
15405963,Putative Mi1 9576239634 HL,neuron,15405962
15406138,Putative Mi1 10768117209 HL,neuron,15406137
15406161,Putative Mi1 12077733002 HL,neuron,15406160
15406243,Putative Mi1 217309929 HL,neuron,15406242
15410650,Putative Mi1 7127848494 HL,neuron,15410649
15410933,Putative Mi1 7655009288 HL,neuron,15410932
15411725,Putative Mi1 11565298083 HL,neuron,15411724
15416632,Putative Mi1 11826960296 HL,neuron,15416631
15416706,Putative Mi1 8700385259 HL,neuron,15416705
15417754,Putative Mi1 11690677782 HL,neuron,15417753
15418563,Putative Mi1 12213355474 HL,neuron,15418562
15421512,Putative Mi1 10523716897 HL,neuron,15421511
15435499,Putative Mi1 7093933898 HL,neuron,15435498
15435885,Putative Mi1 10356086860 HL,neuron,15435884
15435931,Putative Mi1 12332983922 HL,neuron,15435930
15437117,Putative Mi1 10395181201 HL,neuron,15437116
15452338,Putative Mi1 11047093879 HL,neuron,15452337
15452603,Putative Mi1 9047786822 HL,neuron,15452602
15452894,Putative Mi1 9698445146 HL,neuron,15452893
15455042,Putative Mi1 8036989394 HL,neuron,15455041
15455112,Putative Mi1 6733750870 HL,neuron,15455111
15455160,Putative Mi1 6862325622 HL,neuron,15455159
15455695,Putative Mi1 10100844925 HL,neuron,15455694
15455811,Putative Mi1 217314017 HL,neuron,15455810
15455848,Putative Mi1 9874397391 HL,neuron,15455847
15460253,Putative Mi1 6835477667 HL,neuron,15460252
15460372,Putative Mi1 8666482764 HL,neuron,15460371
15465848,Putative Mi1 12084778764 HL,neuron,15465847
15475852,Putative Mi1 8693353122 HL,neuron,15475851
15520845,Putative Mi1 12212724085 HL,neuron,15520844
15520899,Putative Mi1 11952979818 HL,neuron,15520898
15534611,Putative Mi1 5811867395 HL,neuron,15534610
15572655,Putative Mi1 11940810740 HL,neuron,15572654
15578999,Putative Mi1 12202470866 HL,neuron,15578998
15628540,Putative Mi1 8532107456 HL,neuron,15628539
15833439,Putative Mi1 9436791731 HL,neuron,15833438
15875132,Putative Mi1 11178241589 HL,neuron,15875131
17098607,Putative Mi1 17098607 MF HL,neuron,17098606
17242877,Putative Mi1 17242877 MF,neuron,17242876
17247040,Putative Mi1 17247040 MF,neuron,17247039
17251293,Putative Mi1 17251293 MF,neuron,17251292
17252446,Putative Mi1 17252446 AT,neuron,17252445
17255871,Putative Mi1 17255871 AT,neuron,17255870
17265249,Putative Mi1 11924815888 EK,neuron,17265248
17265366,Putative Mi1 12197352833 EK,neuron,17265365
17266515,Putative Mi1 17266515 AT,neuron,17266514
17266579,Putative Mi1 17266579 AT,neuron,17266578
17266623,Putative Mi1 17266623 AT,neuron,17266622
17266697,Putative Mi1 17266697 AT,neuron,17266696
17266791,Putative Mi1 17266791 AT,neuron,17266790
17267090,Putative Mi1 10741261889 HL,neuron,17267089
17267118,Putative Mi1 11528165930 HL,neuron,17267117
17267147,Putative Mi1 11002931510 HL,neuron,17267146
17267169,Putative Mi1 9697175850 HL,neuron,17267168
17267200,Putative Mi1 6836130887 HL,neuron,17267199
17267242,Putative Mi1 11791745482 HL,neuron,17267241
17267258,Putative Mi1 11665711242 HL,neuron,17267257
17267282,Putative Mi1 12057886688 HL,neuron,17267281
17267308,Putative Mi1 12323383636 HL,neuron,17267307
17318706,Putative Mi1 17318706 SK HL,neuron,17318705
17325657,Putative Mi1 17325657 SK HL,neuron,17325656
17328034,Putative Mi1 17328034 SK HL,neuron,17328033
